<?xml version="1.0" encoding="UTF-8"?>
<project-private xmlns="http://www.netbeans.org/ns/project-private/1">
    <editor-bookmarks xmlns="http://www.netbeans.org/ns/editor-bookmarks/2" lastBookmarkId="0"/>
    <open-files xmlns="http://www.netbeans.org/ns/projectui-open-files/2">
        <group>
            <file>file:/C:/Users/santi/Documents/WebConMVCJavaGrupo5/web/admin/admin.jsp</file>
            <file>file:/C:/Users/santi/Documents/WebConMVCJavaGrupo5/web/login.jsp</file>
            <file>file:/C:/Users/santi/Documents/WebConMVCJavaGrupo5/web/WEB-INF/jspf/formularioLogin.jspf</file>
        </group>
    </open-files>
</project-private>
